group,n,default_rate,precision,recall,brier
SEX=1,2402,0.23355537052456288,0.365,0.7807486631016043,0.14352844785478208
SEX=2,3598,0.21289605336297943,0.35499693439607605,0.7558746736292428,0.13082016458413154
20-24,541,0.2532347504621072,0.3496932515337423,0.8321167883211679,0.1452711152313049
25-29,1371,0.21152443471918309,0.359349593495935,0.7620689655172413,0.13264162813258243
30-34,1147,0.1891891891891892,0.32926829268292684,0.7465437788018433,0.12194605810178519
35-39,1051,0.22454804947668885,0.38865546218487396,0.7838983050847458,0.13757838399354896
40-49,1341,0.232662192393736,0.36507936507936506,0.7371794871794872,0.14216009334420338
50-59,473,0.23678646934460887,0.3534136546184739,0.7857142857142857,0.14064499486259943
60+,76,0.3026315789473684,0.3953488372093023,0.7391304347826086,0.17597579534778338
