feature,train_q01,train_q99,validation_below_q01,validation_above_q99
LIMIT_BAL,10000.0,500000.0,0,46
BILL_AMT1,-93.01999999999998,342622.8799999991,50,72
BILL_AMT2,-186.04999999999995,332078.5799999988,50,62
BILL_AMT3,-200.0,324111.12999999966,40,56
BILL_AMT4,-239.01,306082.71999999986,45,53
BILL_AMT5,-281.04999999999995,284627.89999999956,38,61
BILL_AMT6,-383.03999999999996,273018.7699999999,41,63
PAY_AMT1,0.0,69033.8799999997,0,50
PAY_AMT2,0.0,78080.12999999982,0,59
PAY_AMT3,0.0,77011.7799999981,0,40
PAY_AMT4,0.0,67055.19999999949,0,50
PAY_AMT5,0.0,64896.04999999983,0,59
PAY_AMT6,0.0,85003.26999999948,0,54
